30,0.1,1
30,0.105,1
30,0.11,1
30,0.115,1
30,0.12,1
30,0.125,1
30,0.13,1
30,0.135,1
30,0.14,1
30,0.145,1
30,0.15,1
30,0.155,1
30,0.16,1
30,0.165,1
30,0.17,1
30,0.175,1
30,0.18,1
30,0.185,1
30,0.19,1
30,0.195,1
30,0.2,1
31,0.1,1
31,0.105,1
31,0.11,1
31,0.115,1
31,0.12,1
31,0.125,1
31,0.13,1
31,0.135,1
31,0.14,1
31,0.145,1
31,0.15,1
31,0.155,1
31,0.16,1
31,0.165,1
31,0.17,1
31,0.175,1
31,0.18,1
31,0.185,1
31,0.19,1
31,0.195,1
31,0.2,1
32,0.1,1
32,0.105,1
32,0.11,1
32,0.115,1
32,0.12,1
32,0.125,1
32,0.13,1
32,0.135,1
32,0.14,1
32,0.145,1
32,0.15,1
32,0.155,1
32,0.16,1
32,0.165,1
32,0.17,1
32,0.175,1
32,0.18,1
32,0.185,1
32,0.19,1
32,0.195,1
32,0.2,1
33,0.1,1
33,0.105,1
33,0.11,1
33,0.115,1
33,0.12,1
33,0.125,1
33,0.13,1
33,0.135,1
33,0.14,1
33,0.145,1
33,0.15,1
33,0.155,1
33,0.16,1
33,0.165,1
33,0.17,1
33,0.175,1
33,0.18,1
33,0.185,1
33,0.19,1
33,0.195,1
33,0.2,1
34,0.1,1
34,0.105,1
34,0.11,1
34,0.115,1
34,0.12,1
34,0.125,1
34,0.13,1
34,0.135,1
34,0.14,1
34,0.145,1
34,0.15,1
34,0.155,1
34,0.16,1
34,0.165,1
34,0.17,1
34,0.175,1
34,0.18,1
34,0.185,1
34,0.19,1
34,0.195,1
34,0.2,1
35,0.1,1
35,0.105,1
35,0.11,1
35,0.115,1
35,0.12,1
35,0.125,1
35,0.13,1
35,0.135,1
35,0.14,1
35,0.145,1
35,0.15,1
35,0.155,1
35,0.16,1
35,0.165,1
35,0.17,1
35,0.175,1
35,0.18,1
35,0.185,1
35,0.19,1
35,0.195,1
35,0.2,1
36,0.1,1
36,0.105,1
36,0.11,1
36,0.115,1
36,0.12,1
36,0.125,1
36,0.13,1
36,0.135,1
36,0.14,1
36,0.145,1
36,0.15,1
36,0.155,1
36,0.16,1
36,0.165,1
36,0.17,1
36,0.175,1
36,0.18,1
36,0.185,1
36,0.19,1
36,0.195,1
36,0.2,1
37,0.1,1
37,0.105,1
37,0.11,1
37,0.115,1
37,0.12,1
37,0.125,1
37,0.13,1
37,0.135,1
37,0.14,1
37,0.145,1
37,0.15,1
37,0.155,1
37,0.16,1
37,0.165,1
37,0.17,1
37,0.175,1
37,0.18,1
37,0.185,1
37,0.19,1
37,0.195,1
37,0.2,1
38,0.1,1
38,0.105,1
38,0.11,1
38,0.115,1
38,0.12,1
38,0.125,1
38,0.13,1
38,0.135,1
38,0.14,1
38,0.145,1
38,0.15,1
38,0.155,1
38,0.16,1
38,0.165,1
38,0.17,1
38,0.175,1
38,0.18,1
38,0.185,1
38,0.19,1
38,0.195,1
38,0.2,1
39,0.1,1
39,0.105,1
39,0.11,1
39,0.115,1
39,0.12,1
39,0.125,1
39,0.13,1
39,0.135,1
39,0.14,1
39,0.145,1
39,0.15,1
39,0.155,1
39,0.16,1
39,0.165,1
39,0.17,1
39,0.175,1
39,0.18,1
39,0.185,1
39,0.19,1
39,0.195,1
39,0.2,1
40,0.1,1
40,0.105,1
40,0.11,1
40,0.115,1
40,0.12,1
40,0.125,1
40,0.13,1
40,0.135,1
40,0.14,1
40,0.145,1
40,0.15,1
40,0.155,1
40,0.16,1
40,0.165,1
40,0.17,1
40,0.175,1
40,0.18,1
40,0.185,1
40,0.19,1
40,0.195,1
40,0.2,1
41,0.1,1
41,0.105,1
41,0.11,1
41,0.115,1
41,0.12,1
41,0.125,1
41,0.13,1
41,0.135,1
41,0.14,1
41,0.145,1
41,0.15,1
41,0.155,1
41,0.16,1
41,0.165,1
41,0.17,1
41,0.175,1
41,0.18,1
41,0.185,1
41,0.19,1
41,0.195,1
41,0.2,1
42,0.1,1
42,0.105,1
42,0.11,1
42,0.115,1
42,0.12,1
42,0.125,1
42,0.13,1
42,0.135,1
42,0.14,1
42,0.145,1
42,0.15,1
42,0.155,1
42,0.16,1
42,0.165,1
42,0.17,1
42,0.175,1
42,0.18,1
42,0.185,1
42,0.19,1
42,0.195,1
42,0.2,1
43,0.1,1
43,0.105,1
43,0.11,1
43,0.115,1
43,0.12,1
43,0.125,1
43,0.13,1
43,0.135,1
43,0.14,1
43,0.145,1
43,0.15,1
43,0.155,1
43,0.16,1
43,0.165,1
43,0.17,1
43,0.175,1
43,0.18,1
43,0.185,1
43,0.19,1
43,0.195,1
43,0.2,1
44,0.1,1
44,0.105,1
44,0.11,1
44,0.115,1
44,0.12,1
44,0.125,1
44,0.13,1
44,0.135,1
44,0.14,1
44,0.145,1
44,0.15,1
44,0.155,1
44,0.16,1
44,0.165,1
44,0.17,1
44,0.175,1
44,0.18,1
44,0.185,1
44,0.19,1
44,0.195,1
44,0.2,1
45,0.1,1
45,0.105,1
45,0.11,1
45,0.115,1
45,0.12,1
45,0.125,1
45,0.13,1
45,0.135,1
45,0.14,1
45,0.145,1
45,0.15,1
45,0.155,1
45,0.16,1
45,0.165,1
45,0.17,1
45,0.175,1
45,0.18,1
45,0.185,1
45,0.19,1
45,0.195,1
45,0.2,1
46,0.1,0
46,0.105,1
46,0.11,1
46,0.115,1
46,0.12,1
46,0.125,1
46,0.13,1
46,0.135,1
46,0.14,1
46,0.145,1
46,0.15,1
46,0.155,1
46,0.16,1
46,0.165,1
46,0.17,1
46,0.175,1
46,0.18,1
46,0.185,1
46,0.19,1
46,0.195,1
46,0.2,1
47,0.1,0
47,0.105,1
47,0.11,1
47,0.115,1
47,0.12,1
47,0.125,1
47,0.13,1
47,0.135,1
47,0.14,1
47,0.145,1
47,0.15,1
47,0.155,1
47,0.16,1
47,0.165,1
47,0.17,1
47,0.175,1
47,0.18,1
47,0.185,1
47,0.19,1
47,0.195,1
47,0.2,1
48,0.1,0
48,0.105,1
48,0.11,1
48,0.115,1
48,0.12,1
48,0.125,1
48,0.13,1
48,0.135,1
48,0.14,1
48,0.145,1
48,0.15,1
48,0.155,1
48,0.16,1
48,0.165,1
48,0.17,1
48,0.175,1
48,0.18,1
48,0.185,1
48,0.19,1
48,0.195,1
48,0.2,1
49,0.1,0
49,0.105,0
49,0.11,1
49,0.115,1
49,0.12,1
49,0.125,1
49,0.13,1
49,0.135,1
49,0.14,1
49,0.145,1
49,0.15,1
49,0.155,1
49,0.16,1
49,0.165,1
49,0.17,1
49,0.175,1
49,0.18,1
49,0.185,1
49,0.19,1
49,0.195,1
49,0.2,1
50,0.1,0
50,0.105,0
50,0.11,1
50,0.115,1
50,0.12,1
50,0.125,1
50,0.13,1
50,0.135,1
50,0.14,1
50,0.145,1
50,0.15,1
50,0.155,1
50,0.16,1
50,0.165,1
50,0.17,1
50,0.175,1
50,0.18,1
50,0.185,1
50,0.19,1
50,0.195,1
50,0.2,1
51,0.1,0
51,0.105,0
51,0.11,1
51,0.115,1
51,0.12,1
51,0.125,1
51,0.13,1
51,0.135,1
51,0.14,1
51,0.145,1
51,0.15,1
51,0.155,1
51,0.16,1
51,0.165,1
51,0.17,1
51,0.175,1
51,0.18,1
51,0.185,1
51,0.19,1
51,0.195,1
51,0.2,1
52,0.1,0
52,0.105,0
52,0.11,0
52,0.115,1
52,0.12,1
52,0.125,1
52,0.13,1
52,0.135,1
52,0.14,1
52,0.145,1
52,0.15,1
52,0.155,1
52,0.16,1
52,0.165,1
52,0.17,1
52,0.175,1
52,0.18,1
52,0.185,1
52,0.19,1
52,0.195,1
52,0.2,1
53,0.1,0
53,0.105,0
53,0.11,0
53,0.115,1
53,0.12,1
53,0.125,1
53,0.13,1
53,0.135,1
53,0.14,1
53,0.145,1
53,0.15,1
53,0.155,1
53,0.16,1
53,0.165,1
53,0.17,1
53,0.175,1
53,0.18,1
53,0.185,1
53,0.19,1
53,0.195,1
53,0.2,1
54,0.1,0
54,0.105,0
54,0.11,0
54,0.115,1
54,0.12,1
54,0.125,1
54,0.13,1
54,0.135,1
54,0.14,1
54,0.145,1
54,0.15,1
54,0.155,1
54,0.16,1
54,0.165,1
54,0.17,1
54,0.175,1
54,0.18,1
54,0.185,1
54,0.19,1
54,0.195,1
54,0.2,1
55,0.1,0
55,0.105,0
55,0.11,0
55,0.115,0
55,0.12,1
55,0.125,1
55,0.13,1
55,0.135,1
55,0.14,1
55,0.145,1
55,0.15,1
55,0.155,1
55,0.16,1
55,0.165,1
55,0.17,1
55,0.175,1
55,0.18,1
55,0.185,1
55,0.19,1
55,0.195,1
55,0.2,1
56,0.1,0
56,0.105,0
56,0.11,0
56,0.115,0
56,0.12,1
56,0.125,1
56,0.13,1
56,0.135,1
56,0.14,1
56,0.145,1
56,0.15,1
56,0.155,1
56,0.16,1
56,0.165,1
56,0.17,1
56,0.175,1
56,0.18,1
56,0.185,1
56,0.19,1
56,0.195,1
56,0.2,1
57,0.1,0
57,0.105,0
57,0.11,0
57,0.115,0
57,0.12,1
57,0.125,1
57,0.13,1
57,0.135,1
57,0.14,1
57,0.145,1
57,0.15,1
57,0.155,1
57,0.16,1
57,0.165,1
57,0.17,1
57,0.175,1
57,0.18,1
57,0.185,1
57,0.19,1
57,0.195,1
57,0.2,1
58,0.1,0
58,0.105,0
58,0.11,0
58,0.115,0
58,0.12,0
58,0.125,1
58,0.13,1
58,0.135,1
58,0.14,1
58,0.145,1
58,0.15,1
58,0.155,1
58,0.16,1
58,0.165,1
58,0.17,1
58,0.175,1
58,0.18,1
58,0.185,1
58,0.19,1
58,0.195,1
58,0.2,1
59,0.1,0
59,0.105,0
59,0.11,0
59,0.115,0
59,0.12,0
59,0.125,1
59,0.13,1
59,0.135,1
59,0.14,1
59,0.145,1
59,0.15,1
59,0.155,1
59,0.16,1
59,0.165,1
59,0.17,1
59,0.175,1
59,0.18,1
59,0.185,1
59,0.19,1
59,0.195,1
59,0.2,1
60,0.1,0
60,0.105,0
60,0.11,0
60,0.115,0
60,0.12,0
60,0.125,1
60,0.13,1
60,0.135,1
60,0.14,1
60,0.145,1
60,0.15,1
60,0.155,1
60,0.16,1
60,0.165,1
60,0.17,1
60,0.175,1
60,0.18,1
60,0.185,1
60,0.19,1
60,0.195,1
60,0.2,1
61,0.1,0
61,0.105,0
61,0.11,0
61,0.115,0
61,0.12,0
61,0.125,1
61,0.13,1
61,0.135,1
61,0.14,1
61,0.145,1
61,0.15,1
61,0.155,1
61,0.16,1
61,0.165,1
61,0.17,1
61,0.175,1
61,0.18,1
61,0.185,1
61,0.19,1
61,0.195,1
61,0.2,1
62,0.1,0
62,0.105,0
62,0.11,0
62,0.115,0
62,0.12,0
62,0.125,0
62,0.13,1
62,0.135,1
62,0.14,1
62,0.145,1
62,0.15,1
62,0.155,1
62,0.16,1
62,0.165,1
62,0.17,1
62,0.175,1
62,0.18,1
62,0.185,1
62,0.19,1
62,0.195,1
62,0.2,1
63,0.1,0
63,0.105,0
63,0.11,0
63,0.115,0
63,0.12,0
63,0.125,0
63,0.13,1
63,0.135,1
63,0.14,1
63,0.145,1
63,0.15,1
63,0.155,1
63,0.16,1
63,0.165,1
63,0.17,1
63,0.175,1
63,0.18,1
63,0.185,1
63,0.19,1
63,0.195,1
63,0.2,1
64,0.1,0
64,0.105,0
64,0.11,0
64,0.115,0
64,0.12,0
64,0.125,0
64,0.13,1
64,0.135,1
64,0.14,1
64,0.145,1
64,0.15,1
64,0.155,1
64,0.16,1
64,0.165,1
64,0.17,1
64,0.175,1
64,0.18,1
64,0.185,1
64,0.19,1
64,0.195,1
64,0.2,1
65,0.1,0
65,0.105,0
65,0.11,0
65,0.115,0
65,0.12,0
65,0.125,0
65,0.13,1
65,0.135,1
65,0.14,1
65,0.145,1
65,0.15,1
65,0.155,1
65,0.16,1
65,0.165,1
65,0.17,1
65,0.175,1
65,0.18,1
65,0.185,1
65,0.19,1
65,0.195,1
65,0.2,1
66,0.1,0
66,0.105,0
66,0.11,0
66,0.115,0
66,0.12,0
66,0.125,0
66,0.13,0
66,0.135,1
66,0.14,1
66,0.145,1
66,0.15,1
66,0.155,1
66,0.16,1
66,0.165,1
66,0.17,1
66,0.175,1
66,0.18,1
66,0.185,1
66,0.19,1
66,0.195,1
66,0.2,1
67,0.1,0
67,0.105,0
67,0.11,0
67,0.115,0
67,0.12,0
67,0.125,0
67,0.13,0
67,0.135,1
67,0.14,1
67,0.145,1
67,0.15,1
67,0.155,1
67,0.16,1
67,0.165,1
67,0.17,1
67,0.175,1
67,0.18,1
67,0.185,1
67,0.19,1
67,0.195,1
67,0.2,1
68,0.1,0
68,0.105,0
68,0.11,0
68,0.115,0
68,0.12,0
68,0.125,0
68,0.13,0
68,0.135,1
68,0.14,1
68,0.145,1
68,0.15,1
68,0.155,1
68,0.16,1
68,0.165,1
68,0.17,1
68,0.175,1
68,0.18,1
68,0.185,1
68,0.19,1
68,0.195,1
68,0.2,1
69,0.1,0
69,0.105,0
69,0.11,0
69,0.115,0
69,0.12,0
69,0.125,0
69,0.13,0
69,0.135,1
69,0.14,1
69,0.145,1
69,0.15,1
69,0.155,1
69,0.16,1
69,0.165,1
69,0.17,1
69,0.175,1
69,0.18,1
69,0.185,1
69,0.19,1
69,0.195,1
69,0.2,1
70,0.1,0
70,0.105,0
70,0.11,0
70,0.115,0
70,0.12,0
70,0.125,0
70,0.13,0
70,0.135,0
70,0.14,1
70,0.145,1
70,0.15,1
70,0.155,1
70,0.16,1
70,0.165,1
70,0.17,1
70,0.175,1
70,0.18,1
70,0.185,1
70,0.19,1
70,0.195,1
70,0.2,1
71,0.1,0
71,0.105,0
71,0.11,0
71,0.115,0
71,0.12,0
71,0.125,0
71,0.13,0
71,0.135,0
71,0.14,1
71,0.145,1
71,0.15,1
71,0.155,1
71,0.16,1
71,0.165,1
71,0.17,1
71,0.175,1
71,0.18,1
71,0.185,1
71,0.19,1
71,0.195,1
71,0.2,1
72,0.1,0
72,0.105,0
72,0.11,0
72,0.115,0
72,0.12,0
72,0.125,0
72,0.13,0
72,0.135,0
72,0.14,1
72,0.145,1
72,0.15,1
72,0.155,1
72,0.16,1
72,0.165,1
72,0.17,1
72,0.175,1
72,0.18,1
72,0.185,1
72,0.19,1
72,0.195,1
72,0.2,1
73,0.1,0
73,0.105,0
73,0.11,0
73,0.115,0
73,0.12,0
73,0.125,0
73,0.13,0
73,0.135,0
73,0.14,1
73,0.145,1
73,0.15,1
73,0.155,1
73,0.16,1
73,0.165,1
73,0.17,1
73,0.175,1
73,0.18,1
73,0.185,1
73,0.19,1
73,0.195,1
73,0.2,1
74,0.1,0
74,0.105,0
74,0.11,0
74,0.115,0
74,0.12,0
74,0.125,0
74,0.13,0
74,0.135,0
74,0.14,0
74,0.145,1
74,0.15,1
74,0.155,1
74,0.16,1
74,0.165,1
74,0.17,1
74,0.175,1
74,0.18,1
74,0.185,1
74,0.19,1
74,0.195,1
74,0.2,1
75,0.1,0
75,0.105,0
75,0.11,0
75,0.115,0
75,0.12,0
75,0.125,0
75,0.13,0
75,0.135,0
75,0.14,0
75,0.145,1
75,0.15,1
75,0.155,1
75,0.16,1
75,0.165,1
75,0.17,1
75,0.175,1
75,0.18,1
75,0.185,1
75,0.19,1
75,0.195,1
75,0.2,1
76,0.1,0
76,0.105,0
76,0.11,0
76,0.115,0
76,0.12,0
76,0.125,0
76,0.13,0
76,0.135,0
76,0.14,0
76,0.145,1
76,0.15,1
76,0.155,1
76,0.16,1
76,0.165,1
76,0.17,1
76,0.175,1
76,0.18,1
76,0.185,1
76,0.19,1
76,0.195,1
76,0.2,1
77,0.1,0
77,0.105,0
77,0.11,0
77,0.115,0
77,0.12,0
77,0.125,0
77,0.13,0
77,0.135,0
77,0.14,0
77,0.145,1
77,0.15,1
77,0.155,1
77,0.16,1
77,0.165,1
77,0.17,1
77,0.175,1
77,0.18,1
77,0.185,1
77,0.19,1
77,0.195,1
77,0.2,1
78,0.1,0
78,0.105,0
78,0.11,0
78,0.115,0
78,0.12,0
78,0.125,0
78,0.13,0
78,0.135,0
78,0.14,0
78,0.145,0
78,0.15,1
78,0.155,1
78,0.16,1
78,0.165,1
78,0.17,1
78,0.175,1
78,0.18,1
78,0.185,1
78,0.19,1
78,0.195,1
78,0.2,1
79,0.1,0
79,0.105,0
79,0.11,0
79,0.115,0
79,0.12,0
79,0.125,0
79,0.13,0
79,0.135,0
79,0.14,0
79,0.145,0
79,0.15,1
79,0.155,1
79,0.16,1
79,0.165,1
79,0.17,1
79,0.175,1
79,0.18,1
79,0.185,1
79,0.19,1
79,0.195,1
79,0.2,1
80,0.1,0
80,0.105,0
80,0.11,0
80,0.115,0
80,0.12,0
80,0.125,0
80,0.13,0
80,0.135,0
80,0.14,0
80,0.145,0
80,0.15,1
80,0.155,1
80,0.16,1
80,0.165,1
80,0.17,1
80,0.175,1
80,0.18,1
80,0.185,1
80,0.19,1
80,0.195,1
80,0.2,1
81,0.1,0
81,0.105,0
81,0.11,0
81,0.115,0
81,0.12,0
81,0.125,0
81,0.13,0
81,0.135,0
81,0.14,0
81,0.145,0
81,0.15,1
81,0.155,1
81,0.16,1
81,0.165,1
81,0.17,1
81,0.175,1
81,0.18,1
81,0.185,1
81,0.19,1
81,0.195,1
81,0.2,1
82,0.1,0
82,0.105,0
82,0.11,0
82,0.115,0
82,0.12,0
82,0.125,0
82,0.13,0
82,0.135,0
82,0.14,0
82,0.145,0
82,0.15,0
82,0.155,1
82,0.16,1
82,0.165,1
82,0.17,1
82,0.175,1
82,0.18,1
82,0.185,1
82,0.19,1
82,0.195,1
82,0.2,1
83,0.1,0
83,0.105,0
83,0.11,0
83,0.115,0
83,0.12,0
83,0.125,0
83,0.13,0
83,0.135,0
83,0.14,0
83,0.145,0
83,0.15,0
83,0.155,1
83,0.16,1
83,0.165,1
83,0.17,1
83,0.175,1
83,0.18,1
83,0.185,1
83,0.19,1
83,0.195,1
83,0.2,1
84,0.1,0
84,0.105,0
84,0.11,0
84,0.115,0
84,0.12,0
84,0.125,0
84,0.13,0
84,0.135,0
84,0.14,0
84,0.145,0
84,0.15,0
84,0.155,1
84,0.16,1
84,0.165,1
84,0.17,1
84,0.175,1
84,0.18,1
84,0.185,1
84,0.19,1
84,0.195,1
84,0.2,1
85,0.1,0
85,0.105,0
85,0.11,0
85,0.115,0
85,0.12,0
85,0.125,0
85,0.13,0
85,0.135,0
85,0.14,0
85,0.145,0
85,0.15,0
85,0.155,1
85,0.16,1
85,0.165,1
85,0.17,1
85,0.175,1
85,0.18,1
85,0.185,1
85,0.19,1
85,0.195,1
85,0.2,1
86,0.1,0
86,0.105,0
86,0.11,0
86,0.115,0
86,0.12,0
86,0.125,0
86,0.13,0
86,0.135,0
86,0.14,0
86,0.145,0
86,0.15,0
86,0.155,1
86,0.16,1
86,0.165,1
86,0.17,1
86,0.175,1
86,0.18,1
86,0.185,1
86,0.19,1
86,0.195,1
86,0.2,1
87,0.1,0
87,0.105,0
87,0.11,0
87,0.115,0
87,0.12,0
87,0.125,0
87,0.13,0
87,0.135,0
87,0.14,0
87,0.145,0
87,0.15,0
87,0.155,0
87,0.16,1
87,0.165,1
87,0.17,1
87,0.175,1
87,0.18,1
87,0.185,1
87,0.19,1
87,0.195,1
87,0.2,1
88,0.1,0
88,0.105,0
88,0.11,0
88,0.115,0
88,0.12,0
88,0.125,0
88,0.13,0
88,0.135,0
88,0.14,0
88,0.145,0
88,0.15,0
88,0.155,0
88,0.16,1
88,0.165,1
88,0.17,1
88,0.175,1
88,0.18,1
88,0.185,1
88,0.19,1
88,0.195,1
88,0.2,1
89,0.1,0
89,0.105,0
89,0.11,0
89,0.115,0
89,0.12,0
89,0.125,0
89,0.13,0
89,0.135,0
89,0.14,0
89,0.145,0
89,0.15,0
89,0.155,0
89,0.16,1
89,0.165,1
89,0.17,1
89,0.175,1
89,0.18,1
89,0.185,1
89,0.19,1
89,0.195,1
89,0.2,1
90,0.1,0
90,0.105,0
90,0.11,0
90,0.115,0
90,0.12,0
90,0.125,0
90,0.13,0
90,0.135,0
90,0.14,0
90,0.145,0
90,0.15,0
90,0.155,0
90,0.16,1
90,0.165,1
90,0.17,1
90,0.175,1
90,0.18,1
90,0.185,1
90,0.19,1
90,0.195,1
90,0.2,1
91,0.1,0
91,0.105,0
91,0.11,0
91,0.115,0
91,0.12,0
91,0.125,0
91,0.13,0
91,0.135,0
91,0.14,0
91,0.145,0
91,0.15,0
91,0.155,0
91,0.16,1
91,0.165,1
91,0.17,1
91,0.175,1
91,0.18,1
91,0.185,1
91,0.19,1
91,0.195,1
91,0.2,1
92,0.1,0
92,0.105,0
92,0.11,0
92,0.115,0
92,0.12,0
92,0.125,0
92,0.13,0
92,0.135,0
92,0.14,0
92,0.145,0
92,0.15,0
92,0.155,0
92,0.16,0
92,0.165,1
92,0.17,1
92,0.175,1
92,0.18,1
92,0.185,1
92,0.19,1
92,0.195,1
92,0.2,1
93,0.1,0
93,0.105,0
93,0.11,0
93,0.115,0
93,0.12,0
93,0.125,0
93,0.13,0
93,0.135,0
93,0.14,0
93,0.145,0
93,0.15,0
93,0.155,0
93,0.16,0
93,0.165,1
93,0.17,1
93,0.175,1
93,0.18,1
93,0.185,1
93,0.19,1
93,0.195,1
93,0.2,1
94,0.1,0
94,0.105,0
94,0.11,0
94,0.115,0
94,0.12,0
94,0.125,0
94,0.13,0
94,0.135,0
94,0.14,0
94,0.145,0
94,0.15,0
94,0.155,0
94,0.16,0
94,0.165,1
94,0.17,1
94,0.175,1
94,0.18,1
94,0.185,1
94,0.19,1
94,0.195,1
94,0.2,1
95,0.1,0
95,0.105,0
95,0.11,0
95,0.115,0
95,0.12,0
95,0.125,0
95,0.13,0
95,0.135,0
95,0.14,0
95,0.145,0
95,0.15,0
95,0.155,0
95,0.16,0
95,0.165,1
95,0.17,1
95,0.175,1
95,0.18,1
95,0.185,1
95,0.19,1
95,0.195,1
95,0.2,1
96,0.1,0
96,0.105,0
96,0.11,0
96,0.115,0
96,0.12,0
96,0.125,0
96,0.13,0
96,0.135,0
96,0.14,0
96,0.145,0
96,0.15,0
96,0.155,0
96,0.16,0
96,0.165,1
96,0.17,1
96,0.175,1
96,0.18,1
96,0.185,1
96,0.19,1
96,0.195,1
96,0.2,1
97,0.1,0
97,0.105,0
97,0.11,0
97,0.115,0
97,0.12,0
97,0.125,0
97,0.13,0
97,0.135,0
97,0.14,0
97,0.145,0
97,0.15,0
97,0.155,0
97,0.16,0
97,0.165,0
97,0.17,1
97,0.175,1
97,0.18,1
97,0.185,1
97,0.19,1
97,0.195,1
97,0.2,1
98,0.1,0
98,0.105,0
98,0.11,0
98,0.115,0
98,0.12,0
98,0.125,0
98,0.13,0
98,0.135,0
98,0.14,0
98,0.145,0
98,0.15,0
98,0.155,0
98,0.16,0
98,0.165,0
98,0.17,1
98,0.175,1
98,0.18,1
98,0.185,1
98,0.19,1
98,0.195,1
98,0.2,1
99,0.1,0
99,0.105,0
99,0.11,0
99,0.115,0
99,0.12,0
99,0.125,0
99,0.13,0
99,0.135,0
99,0.14,0
99,0.145,0
99,0.15,0
99,0.155,0
99,0.16,0
99,0.165,0
99,0.17,1
99,0.175,1
99,0.18,1
99,0.185,1
99,0.19,1
99,0.195,1
99,0.2,1
100,0.1,0
100,0.105,0
100,0.11,0
100,0.115,0
100,0.12,0
100,0.125,0
100,0.13,0
100,0.135,0
100,0.14,0
100,0.145,0
100,0.15,0
100,0.155,0
100,0.16,0
100,0.165,0
100,0.17,1
100,0.175,1
100,0.18,1
100,0.185,1
100,0.19,1
100,0.195,1
100,0.2,1
101,0.1,0
101,0.105,0
101,0.11,0
101,0.115,0
101,0.12,0
101,0.125,0
101,0.13,0
101,0.135,0
101,0.14,0
101,0.145,0
101,0.15,0
101,0.155,0
101,0.16,0
101,0.165,0
101,0.17,1
101,0.175,1
101,0.18,1
101,0.185,1
101,0.19,1
101,0.195,1
101,0.2,1
102,0.1,0
102,0.105,0
102,0.11,0
102,0.115,0
102,0.12,0
102,0.125,0
102,0.13,0
102,0.135,0
102,0.14,0
102,0.145,0
102,0.15,0
102,0.155,0
102,0.16,0
102,0.165,0
102,0.17,0
102,0.175,1
102,0.18,1
102,0.185,1
102,0.19,1
102,0.195,1
102,0.2,1
103,0.1,0
103,0.105,0
103,0.11,0
103,0.115,0
103,0.12,0
103,0.125,0
103,0.13,0
103,0.135,0
103,0.14,0
103,0.145,0
103,0.15,0
103,0.155,0
103,0.16,0
103,0.165,0
103,0.17,0
103,0.175,1
103,0.18,1
103,0.185,1
103,0.19,1
103,0.195,1
103,0.2,1
104,0.1,0
104,0.105,0
104,0.11,0
104,0.115,0
104,0.12,0
104,0.125,0
104,0.13,0
104,0.135,0
104,0.14,0
104,0.145,0
104,0.15,0
104,0.155,0
104,0.16,0
104,0.165,0
104,0.17,0
104,0.175,1
104,0.18,1
104,0.185,1
104,0.19,1
104,0.195,1
104,0.2,1
105,0.1,0
105,0.105,0
105,0.11,0
105,0.115,0
105,0.12,0
105,0.125,0
105,0.13,0
105,0.135,0
105,0.14,0
105,0.145,0
105,0.15,0
105,0.155,0
105,0.16,0
105,0.165,0
105,0.17,0
105,0.175,1
105,0.18,1
105,0.185,1
105,0.19,1
105,0.195,1
105,0.2,1
106,0.1,0
106,0.105,0
106,0.11,0
106,0.115,0
106,0.12,0
106,0.125,0
106,0.13,0
106,0.135,0
106,0.14,0
106,0.145,0
106,0.15,0
106,0.155,0
106,0.16,0
106,0.165,0
106,0.17,0
106,0.175,1
106,0.18,1
106,0.185,1
106,0.19,1
106,0.195,1
106,0.2,1
107,0.1,0
107,0.105,0
107,0.11,0
107,0.115,0
107,0.12,0
107,0.125,0
107,0.13,0
107,0.135,0
107,0.14,0
107,0.145,0
107,0.15,0
107,0.155,0
107,0.16,0
107,0.165,0
107,0.17,0
107,0.175,1
107,0.18,1
107,0.185,1
107,0.19,1
107,0.195,1
107,0.2,1
108,0.1,0
108,0.105,0
108,0.11,0
108,0.115,0
108,0.12,0
108,0.125,0
108,0.13,0
108,0.135,0
108,0.14,0
108,0.145,0
108,0.15,0
108,0.155,0
108,0.16,0
108,0.165,0
108,0.17,0
108,0.175,0
108,0.18,1
108,0.185,1
108,0.19,1
108,0.195,1
108,0.2,1
109,0.1,0
109,0.105,0
109,0.11,0
109,0.115,0
109,0.12,0
109,0.125,0
109,0.13,0
109,0.135,0
109,0.14,0
109,0.145,0
109,0.15,0
109,0.155,0
109,0.16,0
109,0.165,0
109,0.17,0
109,0.175,0
109,0.18,1
109,0.185,1
109,0.19,1
109,0.195,1
109,0.2,1
110,0.1,0
110,0.105,0
110,0.11,0
110,0.115,0
110,0.12,0
110,0.125,0
110,0.13,0
110,0.135,0
110,0.14,0
110,0.145,0
110,0.15,0
110,0.155,0
110,0.16,0
110,0.165,0
110,0.17,0
110,0.175,0
110,0.18,1
110,0.185,1
110,0.19,1
110,0.195,1
110,0.2,1
111,0.1,0
111,0.105,0
111,0.11,0
111,0.115,0
111,0.12,0
111,0.125,0
111,0.13,0
111,0.135,0
111,0.14,0
111,0.145,0
111,0.15,0
111,0.155,0
111,0.16,0
111,0.165,0
111,0.17,0
111,0.175,0
111,0.18,1
111,0.185,1
111,0.19,1
111,0.195,1
111,0.2,1
112,0.1,0
112,0.105,0
112,0.11,0
112,0.115,0
112,0.12,0
112,0.125,0
112,0.13,0
112,0.135,0
112,0.14,0
112,0.145,0
112,0.15,0
112,0.155,0
112,0.16,0
112,0.165,0
112,0.17,0
112,0.175,0
112,0.18,1
112,0.185,1
112,0.19,1
112,0.195,1
112,0.2,1
113,0.1,0
113,0.105,0
113,0.11,0
113,0.115,0
113,0.12,0
113,0.125,0
113,0.13,0
113,0.135,0
113,0.14,0
113,0.145,0
113,0.15,0
113,0.155,0
113,0.16,0
113,0.165,0
113,0.17,0
113,0.175,0
113,0.18,1
113,0.185,1
113,0.19,1
113,0.195,1
113,0.2,1
114,0.1,0
114,0.105,0
114,0.11,0
114,0.115,0
114,0.12,0
114,0.125,0
114,0.13,0
114,0.135,0
114,0.14,0
114,0.145,0
114,0.15,0
114,0.155,0
114,0.16,0
114,0.165,0
114,0.17,0
114,0.175,0
114,0.18,0
114,0.185,1
114,0.19,1
114,0.195,1
114,0.2,1
115,0.1,0
115,0.105,0
115,0.11,0
115,0.115,0
115,0.12,0
115,0.125,0
115,0.13,0
115,0.135,0
115,0.14,0
115,0.145,0
115,0.15,0
115,0.155,0
115,0.16,0
115,0.165,0
115,0.17,0
115,0.175,0
115,0.18,0
115,0.185,1
115,0.19,1
115,0.195,1
115,0.2,1
116,0.1,0
116,0.105,0
116,0.11,0
116,0.115,0
116,0.12,0
116,0.125,0
116,0.13,0
116,0.135,0
116,0.14,0
116,0.145,0
116,0.15,0
116,0.155,0
116,0.16,0
116,0.165,0
116,0.17,0
116,0.175,0
116,0.18,0
116,0.185,1
116,0.19,1
116,0.195,1
116,0.2,1
117,0.1,0
117,0.105,0
117,0.11,0
117,0.115,0
117,0.12,0
117,0.125,0
117,0.13,0
117,0.135,0
117,0.14,0
117,0.145,0
117,0.15,0
117,0.155,0
117,0.16,0
117,0.165,0
117,0.17,0
117,0.175,0
117,0.18,0
117,0.185,1
117,0.19,1
117,0.195,1
117,0.2,1
118,0.1,0
118,0.105,0
118,0.11,0
118,0.115,0
118,0.12,0
118,0.125,0
118,0.13,0
118,0.135,0
118,0.14,0
118,0.145,0
118,0.15,0
118,0.155,0
118,0.16,0
118,0.165,0
118,0.17,0
118,0.175,0
118,0.18,0
118,0.185,1
118,0.19,1
118,0.195,1
118,0.2,1
119,0.1,0
119,0.105,0
119,0.11,0
119,0.115,0
119,0.12,0
119,0.125,0
119,0.13,0
119,0.135,0
119,0.14,0
119,0.145,0
119,0.15,0
119,0.155,0
119,0.16,0
119,0.165,0
119,0.17,0
119,0.175,0
119,0.18,0
119,0.185,1
119,0.19,1
119,0.195,1
119,0.2,1
120,0.1,0
120,0.105,0
120,0.11,0
120,0.115,0
120,0.12,0
120,0.125,0
120,0.13,0
120,0.135,0
120,0.14,0
120,0.145,0
120,0.15,0
120,0.155,0
120,0.16,0
120,0.165,0
120,0.17,0
120,0.175,0
120,0.18,0
120,0.185,0
120,0.19,1
120,0.195,1
120,0.2,1
121,0.1,0
121,0.105,0
121,0.11,0
121,0.115,0
121,0.12,0
121,0.125,0
121,0.13,0
121,0.135,0
121,0.14,0
121,0.145,0
121,0.15,0
121,0.155,0
121,0.16,0
121,0.165,0
121,0.17,0
121,0.175,0
121,0.18,0
121,0.185,0
121,0.19,1
121,0.195,1
121,0.2,1
122,0.1,0
122,0.105,0
122,0.11,0
122,0.115,0
122,0.12,0
122,0.125,0
122,0.13,0
122,0.135,0
122,0.14,0
122,0.145,0
122,0.15,0
122,0.155,0
122,0.16,0
122,0.165,0
122,0.17,0
122,0.175,0
122,0.18,0
122,0.185,0
122,0.19,1
122,0.195,1
122,0.2,1
123,0.1,0
123,0.105,0
123,0.11,0
123,0.115,0
123,0.12,0
123,0.125,0
123,0.13,0
123,0.135,0
123,0.14,0
123,0.145,0
123,0.15,0
123,0.155,0
123,0.16,0
123,0.165,0
123,0.17,0
123,0.175,0
123,0.18,0
123,0.185,0
123,0.19,1
123,0.195,1
123,0.2,1
124,0.1,0
124,0.105,0
124,0.11,0
124,0.115,0
124,0.12,0
124,0.125,0
124,0.13,0
124,0.135,0
124,0.14,0
124,0.145,0
124,0.15,0
124,0.155,0
124,0.16,0
124,0.165,0
124,0.17,0
124,0.175,0
124,0.18,0
124,0.185,0
124,0.19,1
124,0.195,1
124,0.2,1
125,0.1,0
125,0.105,0
125,0.11,0
125,0.115,0
125,0.12,0
125,0.125,0
125,0.13,0
125,0.135,0
125,0.14,0
125,0.145,0
125,0.15,0
125,0.155,0
125,0.16,0
125,0.165,0
125,0.17,0
125,0.175,0
125,0.18,0
125,0.185,0
125,0.19,1
125,0.195,1
125,0.2,1
126,0.1,0
126,0.105,0
126,0.11,0
126,0.115,0
126,0.12,0
126,0.125,0
126,0.13,0
126,0.135,0
126,0.14,0
126,0.145,0
126,0.15,0
126,0.155,0
126,0.16,0
126,0.165,0
126,0.17,0
126,0.175,0
126,0.18,0
126,0.185,0
126,0.19,1
126,0.195,1
126,0.2,1
127,0.1,0
127,0.105,0
127,0.11,0
127,0.115,0
127,0.12,0
127,0.125,0
127,0.13,0
127,0.135,0
127,0.14,0
127,0.145,0
127,0.15,0
127,0.155,0
127,0.16,0
127,0.165,0
127,0.17,0
127,0.175,0
127,0.18,0
127,0.185,0
127,0.19,0
127,0.195,1
127,0.2,1
128,0.1,0
128,0.105,0
128,0.11,0
128,0.115,0
128,0.12,0
128,0.125,0
128,0.13,0
128,0.135,0
128,0.14,0
128,0.145,0
128,0.15,0
128,0.155,0
128,0.16,0
128,0.165,0
128,0.17,0
128,0.175,0
128,0.18,0
128,0.185,0
128,0.19,0
128,0.195,1
128,0.2,1
129,0.1,0
129,0.105,0
129,0.11,0
129,0.115,0
129,0.12,0
129,0.125,0
129,0.13,0
129,0.135,0
129,0.14,0
129,0.145,0
129,0.15,0
129,0.155,0
129,0.16,0
129,0.165,0
129,0.17,0
129,0.175,0
129,0.18,0
129,0.185,0
129,0.19,0
129,0.195,1
129,0.2,1
130,0.1,0
130,0.105,0
130,0.11,0
130,0.115,0
130,0.12,0
130,0.125,0
130,0.13,0
130,0.135,0
130,0.14,0
130,0.145,0
130,0.15,0
130,0.155,0
130,0.16,0
130,0.165,0
130,0.17,0
130,0.175,0
130,0.18,0
130,0.185,0
130,0.19,0
130,0.195,1
130,0.2,1
131,0.1,0
131,0.105,0
131,0.11,0
131,0.115,0
131,0.12,0
131,0.125,0
131,0.13,0
131,0.135,0
131,0.14,0
131,0.145,0
131,0.15,0
131,0.155,0
131,0.16,0
131,0.165,0
131,0.17,0
131,0.175,0
131,0.18,0
131,0.185,0
131,0.19,0
131,0.195,1
131,0.2,1
132,0.1,0
132,0.105,0
132,0.11,0
132,0.115,0
132,0.12,0
132,0.125,0
132,0.13,0
132,0.135,0
132,0.14,0
132,0.145,0
132,0.15,0
132,0.155,0
132,0.16,0
132,0.165,0
132,0.17,0
132,0.175,0
132,0.18,0
132,0.185,0
132,0.19,0
132,0.195,1
132,0.2,1
133,0.1,0
133,0.105,0
133,0.11,0
133,0.115,0
133,0.12,0
133,0.125,0
133,0.13,0
133,0.135,0
133,0.14,0
133,0.145,0
133,0.15,0
133,0.155,0
133,0.16,0
133,0.165,0
133,0.17,0
133,0.175,0
133,0.18,0
133,0.185,0
133,0.19,0
133,0.195,0
133,0.2,1
134,0.1,0
134,0.105,0
134,0.11,0
134,0.115,0
134,0.12,0
134,0.125,0
134,0.13,0
134,0.135,0
134,0.14,0
134,0.145,0
134,0.15,0
134,0.155,0
134,0.16,0
134,0.165,0
134,0.17,0
134,0.175,0
134,0.18,0
134,0.185,0
134,0.19,0
134,0.195,0
134,0.2,1
135,0.1,0
135,0.105,0
135,0.11,0
135,0.115,0
135,0.12,0
135,0.125,0
135,0.13,0
135,0.135,0
135,0.14,0
135,0.145,0
135,0.15,0
135,0.155,0
135,0.16,0
135,0.165,0
135,0.17,0
135,0.175,0
135,0.18,0
135,0.185,0
135,0.19,0
135,0.195,0
135,0.2,1
136,0.1,0
136,0.105,0
136,0.11,0
136,0.115,0
136,0.12,0
136,0.125,0
136,0.13,0
136,0.135,0
136,0.14,0
136,0.145,0
136,0.15,0
136,0.155,0
136,0.16,0
136,0.165,0
136,0.17,0
136,0.175,0
136,0.18,0
136,0.185,0
136,0.19,0
136,0.195,0
136,0.2,1
137,0.1,0
137,0.105,0
137,0.11,0
137,0.115,0
137,0.12,0
137,0.125,0
137,0.13,0
137,0.135,0
137,0.14,0
137,0.145,0
137,0.15,0
137,0.155,0
137,0.16,0
137,0.165,0
137,0.17,0
137,0.175,0
137,0.18,0
137,0.185,0
137,0.19,0
137,0.195,0
137,0.2,1
138,0.1,0
138,0.105,0
138,0.11,0
138,0.115,0
138,0.12,0
138,0.125,0
138,0.13,0
138,0.135,0
138,0.14,0
138,0.145,0
138,0.15,0
138,0.155,0
138,0.16,0
138,0.165,0
138,0.17,0
138,0.175,0
138,0.18,0
138,0.185,0
138,0.19,0
138,0.195,0
138,0.2,1
139,0.1,0
139,0.105,0
139,0.11,0
139,0.115,0
139,0.12,0
139,0.125,0
139,0.13,0
139,0.135,0
139,0.14,0
139,0.145,0
139,0.15,0
139,0.155,0
139,0.16,0
139,0.165,0
139,0.17,0
139,0.175,0
139,0.18,0
139,0.185,0
139,0.19,0
139,0.195,0
139,0.2,1
140,0.1,0
140,0.105,0
140,0.11,0
140,0.115,0
140,0.12,0
140,0.125,0
140,0.13,0
140,0.135,0
140,0.14,0
140,0.145,0
140,0.15,0
140,0.155,0
140,0.16,0
140,0.165,0
140,0.17,0
140,0.175,0
140,0.18,0
140,0.185,0
140,0.19,0
140,0.195,0
140,0.2,0
141,0.1,0
141,0.105,0
141,0.11,0
141,0.115,0
141,0.12,0
141,0.125,0
141,0.13,0
141,0.135,0
141,0.14,0
141,0.145,0
141,0.15,0
141,0.155,0
141,0.16,0
141,0.165,0
141,0.17,0
141,0.175,0
141,0.18,0
141,0.185,0
141,0.19,0
141,0.195,0
141,0.2,0
142,0.1,0
142,0.105,0
142,0.11,0
142,0.115,0
142,0.12,0
142,0.125,0
142,0.13,0
142,0.135,0
142,0.14,0
142,0.145,0
142,0.15,0
142,0.155,0
142,0.16,0
142,0.165,0
142,0.17,0
142,0.175,0
142,0.18,0
142,0.185,0
142,0.19,0
142,0.195,0
142,0.2,0
143,0.1,0
143,0.105,0
143,0.11,0
143,0.115,0
143,0.12,0
143,0.125,0
143,0.13,0
143,0.135,0
143,0.14,0
143,0.145,0
143,0.15,0
143,0.155,0
143,0.16,0
143,0.165,0
143,0.17,0
143,0.175,0
143,0.18,0
143,0.185,0
143,0.19,0
143,0.195,0
143,0.2,0
144,0.1,0
144,0.105,0
144,0.11,0
144,0.115,0
144,0.12,0
144,0.125,0
144,0.13,0
144,0.135,0
144,0.14,0
144,0.145,0
144,0.15,0
144,0.155,0
144,0.16,0
144,0.165,0
144,0.17,0
144,0.175,0
144,0.18,0
144,0.185,0
144,0.19,0
144,0.195,0
144,0.2,0
145,0.1,0
145,0.105,0
145,0.11,0
145,0.115,0
145,0.12,0
145,0.125,0
145,0.13,0
145,0.135,0
145,0.14,0
145,0.145,0
145,0.15,0
145,0.155,0
145,0.16,0
145,0.165,0
145,0.17,0
145,0.175,0
145,0.18,0
145,0.185,0
145,0.19,0
145,0.195,0
145,0.2,0
146,0.1,0
146,0.105,0
146,0.11,0
146,0.115,0
146,0.12,0
146,0.125,0
146,0.13,0
146,0.135,0
146,0.14,0
146,0.145,0
146,0.15,0
146,0.155,0
146,0.16,0
146,0.165,0
146,0.17,0
146,0.175,0
146,0.18,0
146,0.185,0
146,0.19,0
146,0.195,0
146,0.2,0
147,0.1,0
147,0.105,0
147,0.11,0
147,0.115,0
147,0.12,0
147,0.125,0
147,0.13,0
147,0.135,0
147,0.14,0
147,0.145,0
147,0.15,0
147,0.155,0
147,0.16,0
147,0.165,0
147,0.17,0
147,0.175,0
147,0.18,0
147,0.185,0
147,0.19,0
147,0.195,0
147,0.2,0
148,0.1,0
148,0.105,0
148,0.11,0
148,0.115,0
148,0.12,0
148,0.125,0
148,0.13,0
148,0.135,0
148,0.14,0
148,0.145,0
148,0.15,0
148,0.155,0
148,0.16,0
148,0.165,0
148,0.17,0
148,0.175,0
148,0.18,0
148,0.185,0
148,0.19,0
148,0.195,0
148,0.2,0
149,0.1,0
149,0.105,0
149,0.11,0
149,0.115,0
149,0.12,0
149,0.125,0
149,0.13,0
149,0.135,0
149,0.14,0
149,0.145,0
149,0.15,0
149,0.155,0
149,0.16,0
149,0.165,0
149,0.17,0
149,0.175,0
149,0.18,0
149,0.185,0
149,0.19,0
149,0.195,0
149,0.2,0
150,0.1,0
150,0.105,0
150,0.11,0
150,0.115,0
150,0.12,0
150,0.125,0
150,0.13,0
150,0.135,0
150,0.14,0
150,0.145,0
150,0.15,0
150,0.155,0
150,0.16,0
150,0.165,0
150,0.17,0
150,0.175,0
150,0.18,0
150,0.185,0
150,0.19,0
150,0.195,0
150,0.2,0
